Title,DOI,degree,strength
"Network pharmacology, a promising approach to reveal the pharmacology mechanism of Chinese medicine formula",10.1016/j.jep.2023.116306,141,235
Global cancer statistics 2020: GLOBOCAN estimates of incidence and mortality worldwide for 36 cancers in 185 countries,10.3322/caac.21660,102,196
"The STRING database in 2021: customizable protein-protein networks, and functional characterization of user-uploaded gene/measurement sets",10.1093/nar/gkaa1074,92,166
Traditional Chinese Medicine (TCM) in the treatment of COVID-19 and other viral infections: Efficacies and mechanisms,10.1016/j.pharmthera.2021.107843,91,141
PubChem in 2021: new data content and improved web interfaces,10.1093/nar/gkaa971,88,168
"TCM network pharmacology: A new trend towards combining computational, experimental and clinical approaches",10.1016/s1875-5364(21)60001-8,82,131
Network pharmacology: curing causal mechanisms instead of treating symptoms,10.1016/j.tips.2021.11.004,81,133
Network pharmacology prediction and molecular docking-based strategy to explore the potential mechanism of Huanglian Jiedu Decoction against sepsis,10.1016/j.compbiomed.2022.105389,81,121
HERB: a high-throughput experiment- and reference-guided database of traditional Chinese medicine,10.1093/nar/gkaa1063,80,148
Network pharmacology: towards the artificial intelligence-based precision traditional Chinese medicine,10.1093/bib/bbad518,66,93
"Ferroptosis: mechanisms, biology and role in disease",10.1038/s41580-020-00324-8,65,109
DAVID: a web server for functional enrichment analysis and functional annotation of gene lists (2021 update),10.1093/nar/gkac194,61,102
Integration strategy of network pharmacology in Traditional Chinese Medicine: a narrative review,10.19852/j.cnki.jtcm.20220408.003,61,83
Network pharmacology approaches for research of Traditional Chinese Medicines,10.1016/s1875-5364(23)60429-7,60,86
Network pharmacology to unveil the mechanism of Moluodan in the treatment of chronic atrophic gastritis,10.1016/j.phymed.2021.153837,58,78
Traditional Chinese medicine and lung cancer-From theory to practice,10.1016/j.biopha.2021.111381,55,69
Ferroptosis: molecular mechanisms and health implications,10.1038/s41422-020-00441-1,54,78
KEGG for taxonomy-based analysis of pathways and genomes,10.1093/nar/gkac963,53,73
PRISMA 2020 explanation and elaboration: updated guidance and exemplars for reporting systematic reviews,10.1136/bmj.n160,53,70
Mechanism of Sijunzi Decoction in the treatment of colorectal cancer based on network pharmacology and experimental validation,10.1016/j.jep.2022.115876,51,62
Potential activity of Traditional Chinese Medicine against Ulcerative colitis: A review,10.1016/j.jep.2022.115084,49,72
UniProt: the universal protein knowledgebase in 2021,10.1093/nar/gkaa1100,48,83
Network Pharmacology Prediction and Molecular Docking-Based Strategy to Discover the Potential Pharmacological Mechanism of Huai Hua San Against Ulcerative Colitis,10.2147/dddt.s319786,47,62
Elucidation of the anti-inflammatory mechanism of Er Miao San by integrative approach of network pharmacology and experimental verification,10.1016/j.phrs.2021.106000,44,51
"Integrated lipidomics, transcriptomics and network pharmacology analysis to reveal the mechanisms of Danggui Buxue Decoction in the treatment of diabetic nephropathy in type 2 diabetes mellitus",10.1016/j.jep.2021.114699,44,53
Global cancer statistics 2022: GLOBOCAN estimates of incidence and mortality worldwide for 36 cancers in 185 countries,10.3322/caac.21834,44,69
HIT 2.0: an enhanced platform for Herbal Ingredients' Targets,10.1093/nar/gkab1011,43,57
PubChem 2023 update,10.1093/nar/gkac956,43,57
"Mechanisms underlying the therapeutic effects of Qingfeiyin in treating acute lung injury based on GEO datasets, network pharmacology and molecular docking",10.1016/j.compbiomed.2022.105454,43,57
"Clinical efficacies, underlying mechanisms and molecular targets of Chinese medicines for diabetic nephropathy treatment and management",10.1016/j.apsb.2020.12.020,41,59
Baicalin and the liver-gut system: Pharmacological bases explaining its therapeutic effects,10.1016/j.phrs.2021.105444,41,44
"Ferroptosis turns 10: Emerging mechanisms, physiological functions, and therapeutic applications",10.1016/j.cell.2022.06.003,40,64
"IDF Diabetes Atlas: Global, regional and country-level diabetes prevalence estimates for 2021 and projections for 2045",10.1016/j.diabres.2021.109119,39,47
The influence of cytokines on the complex pathology of ulcerative colitis,10.1016/j.autrev.2021.103017,38,60
"Efficacy and safety of Lianhuaqingwen capsules, a repurposed Chinese herb, in patients with coronavirus disease 2019: A multicenter, prospective, randomized controlled trial",10.1016/j.phymed.2020.153242,38,66
Network-based modeling of herb combinations in traditional Chinese medicine,10.1093/bib/bbab106,38,48
Ulcerative colitis,10.1016/s0140-6736(23)00966-2,38,69
The DisGeNET cytoscape app: Exploring and visualizing disease genomics data,10.1016/j.csbj.2021.05.015,38,62
Traditional Chinese medicine in COVID-19,10.1016/j.apsb.2021.09.008,37,55
A comprehensive application: Molecular docking and network pharmacology for the prediction of bioactive constituents and elucidation of mechanisms of action in component-based Chinese medicine,10.1016/j.compbiolchem.2020.107402,37,51
Wutou decoction ameliorates experimental rheumatoid arthritis via regulating NF-kB and Nrf2: Integrating efficacy-oriented compatibility of traditional Chinese medicine,10.1016/j.phymed.2021.153522,37,38
"Diabetic Nephropathy: Challenges in Pathogenesis, Diagnosis, and Treatment",10.1155/2021/1497449,37,48
Therapeutic target database update 2022: facilitating drug discovery with enriched comparative data of targeted agents,10.1093/nar/gkab953,37,55
Pharmacological activities and pharmacokinetics of liquiritin: A review,10.1016/j.jep.2022.115257,36,38
"AutoDock Vina 1.2.0: New Docking Methods, Expanded Force Field, and Python Bindings",10.1021/acs.jcim.1c00203,36,42
Natural products in drug discovery: advances and opportunities,10.1038/s41573-020-00114-z,36,52
Inflammation and atherosclerosis: signaling pathways and therapeutic intervention,10.1038/s41392-022-00955-7,36,38
"Combining network pharmacology, RNA-seq, and metabolomics strategies to reveal the mechanism of Cimicifugae Rhizoma - Smilax glabra Roxb herb pair for the treatment of psoriasis",10.1016/j.phymed.2022.154384,36,38
Biological active ingredients of Astragali Radix and its mechanisms in treating cardiovascular and cerebrovascular diseases,10.1016/j.phymed.2021.153918,36,39
"Huangqin decoction ameliorates DSS-induced ulcerative colitis: Role of gut microbiota and amino acid metabolism, mTOR pathway and intestinal epithelial barrier",10.1016/j.phymed.2022.154052,36,45
"Systems pharmacological study illustrates the immune regulation, anti-infection, anti-inflammation, and multi-organ protection mechanism of Qing-Fei-Pai-Du decoction in the treatment of COVID-19",10.1016/j.phymed.2020.153315,35,39
Astragalus polysaccharide prevents ferroptosis in a murine model of experimental colitis and human Caco-2 cells via inhibiting NRF2/HO-1 pathway,10.1016/j.ejphar.2021.174518,35,35
The main bioactive compounds of Scutellaria baicalensis Georgi. for alleviation of inflammatory cytokines: A comprehensive review,10.1016/j.biopha.2020.110917,35,38
UniProt: the Universal Protein Knowledgebase in 2023,10.1093/nar/gkac1052,34,46
Network pharmacology-based investigation of potential targets of astragalus membranaceous-angelica sinensis compound acting on diabetic nephropathy,10.1038/s41598-021-98925-6,33,38
Gegen Qinlian decoction relieved DSS-induced ulcerative colitis in mice by modulating Th17/Treg cell homeostasis via suppressing IL-6/JAK2/STAT3 signaling,10.1016/j.phymed.2021.153519,33,41
Rehmannioside A improves cognitive impairment and alleviates ferroptosis via activating PI3K/AKT/Nrf2 and SLC7A11/GPX4 signaling pathway after ischemia,10.1016/j.jep.2022.115021,33,39
Chinese Medicine in the Treatment of Ulcerative Colitis: The Mechanisms of Signaling Pathway Regulations,10.1142/s0192415x22500756,33,45
Ferroptosis: machinery and regulation,10.1080/15548627.2020.1810918,33,43
Anticancer activities of TCM and their active components against tumor metastasis,10.1016/j.biopha.2020.111044,33,45
Astragaloside II Ameliorated Podocyte Injury and Mitochondrial Dysfunction in Streptozotocin-Induced Diabetic Rats,10.3389/fphar.2021.638422,32,43
Baicalein ameliorates ulcerative colitis by improving intestinal epithelial barrier via AhR/IL-22 pathway in ILC3s,10.1038/s41401-021-00781-7,32,36
"Extraction, purification, structural characteristics and biological properties of the polysaccharides from Codonopsis pilosula: A review",10.1016/j.carbpol.2021.117863,32,34
Wumei Wan attenuates angiogenesis and inflammation by modulating RAGE signaling pathway in IBD: Network pharmacology analysis and experimental evidence,10.1016/j.phymed.2023.154658,31,37
Integrated bioinformatics and network pharmacology to identify the therapeutic target and molecular mechanisms of Huangqin decoction on ulcerative Colitis,10.1038/s41598-021-03980-8,31,38
TTD: Therapeutic Target Database describing target druggability information,10.1093/nar/gkad751,31,36
The molecular and metabolic landscape of iron and ferroptosis in cardiovascular disease,10.1038/s41569-022-00735-4,31,49
Signaling pathways involved in ischemic stroke: molecular mechanisms and therapeutic interventions,10.1038/s41392-022-01064-1,31,35
Lipid Peroxidation and Iron Metabolism: Two Corner Stones in the Homeostasis Control of Ferroptosis,10.3390/ijms24010449,31,49
Multifunctional roles and pharmacological potential of β-sitosterol: Emerging evidence toward clinical applications,10.1016/j.cbi.2022.110117,30,35
Exploring pharmacological active ingredients of traditional Chinese medicine by pharmacotranscriptomic map in ITCM,10.1093/bib/bbad027,30,42
Evolving cognition of the JAK-STAT signaling pathway: autoimmune disorders and cancer,10.1038/s41392-023-01468-7,30,32
"Suppression of apoptosis in vascular endothelial cell, the promising way for natural medicines to treat atherosclerosis",10.1016/j.phrs.2021.105599,30,33
"Atractylenolides, essential components of Atractylodes-based traditional herbal medicines: Antioxidant, anti-inflammatory and anticancer properties",10.1016/j.ejphar.2020.173735,29,30
Network Pharmacology Approach for Medicinal Plants: Review and Assessment,10.3390/ph15050572,29,35
Kaempferol as a therapeutic agent in Alzheimer?s disease: Evidence from preclinical studies,10.1016/j.arr.2023.101910,29,31
Traditional Chinese medicine prescription Shenling BaiZhu powder to treat ulcerative colitis: Clinical evidence and potential mechanisms,10.3389/fphar.2022.978558,29,33
Prevention and treatment of COVID-19 using Traditional Chinese Medicine: A review,10.1016/j.phymed.2020.153308,29,42
"Ginseng polysaccharides alter the gut microbiota and kynurenine/tryptophan ratio, potentiating the antitumour effect of antiprogrammed cell death 1/programmed cell death ligand 1 (anti-PD-1/PD-L1) immunotherapy",10.1136/gutjnl-2020-321031,29,29
Berberine ameliorates DSS-induced intestinal mucosal barrier dysfunction through microbiota-dependence and Wnt/β-catenin pathway,10.7150/ijbs.65476,29,33
Calycosin: a Review of its Pharmacological Effects and Application Prospects,10.1080/14787210.2021.1863145,29,32
A Network Pharmacology-Based Investigation to the Pharmacodynamic Material Basis and Mechanisms of the Anti-Inflammatory and Anti-Viral Effect of Isatis indigotica,10.2147/dddt.s316701,29,30
"Traditional Chinese Medicine: A promising strategy to regulate the imbalance of bacterial flora, impaired intestinal barrier and immune function attributed to ulcerative colitis through intestinal microecology",10.1016/j.jep.2023.116879,29,40
Network pharmacology and experimental validation-based approach to understand the effect and mechanism of Taohong Siwu Decoction against ischemic stroke,10.1016/j.jep.2022.115339,29,31
Multi-compound and drug-combination pharmacokinetic research on Chinese herbal medicines,10.1038/s41401-022-00983-7,29,29
The traditional Chinese medicines treat chronic heart failure and their main bioactive constituents and mechanisms,10.1016/j.apsb.2023.02.005,29,30
A comprehensive review of integrative pharmacology-based investigation: A paradigm shift in traditional Chinese medicine,10.1016/j.apsb.2021.03.024,28,30
Structural Mechanisms of NLRP3 Inflammasome Assembly and Activation,10.1146/annurev-immunol-081022-021207,28,29
Integrating network pharmacology deciphers the action mechanism of Zuojin capsule in suppressing colorectal cancer,10.1016/j.phymed.2021.153881,28,29
Traditional Chinese Medicine Compound (Tongxinluo) and Clinical Outcomes of Patients With Acute Myocardial Infarction The CTS-AMI Randomized Clinical Trial,10.1001/jama.2023.19524,28,37
"Shaoyao decoction attenuates DSS-induced ulcerative colitis, macrophage and NLRP3 inflammasome activation through the MKP1/NF-κB pathway",10.1016/j.phymed.2021.153743,28,30
Multimodal integrated strategy for the discovery and identification of quality markers in traditional Chinese medicine,10.1016/j.jpha.2022.05.001,28,28
Activation of Nrf2/HO-1 signaling: An important molecular mechanism of herbal medicine in the treatment of atherosclerosis via the protection of vascular endothelial cells from oxidative stress,10.1016/j.jare.2021.06.023,27,32
The Art and Science of Molecular Docking,10.1146/annurev-biochem-030222-120000,27,27
Exploring the mechanism of Yizhi Tongmai decoction in the treatment of vascular dementia through network pharmacology and molecular docking,10.21037/atm-20-8165,27,33
Therapeutic mechanisms of traditional Chinese medicine to improve metabolic diseases via the gut microbiota,10.1016/j.biopha.2020.110857,27,27
Chinese herbal medicine: Fighting SARS-CoV-2 infection on all fronts,10.1016/j.jep.2021.113869,27,32
Highly accurate protein structure prediction with AlphaFold,10.1038/s41586-021-03819-2,27,33
Ferroptosis at the intersection of lipid metabolism and cellular signaling,10.1016/j.molcel.2022.03.022,27,36
Astragaloside IV inhibits adriamycin-induced cardiac ferroptosis by enhancing Nrf2 signaling,10.1007/s11010-021-04112-6,26,27
"The triangular relationship between traditional Chinese medicines, intestinal flora, and colorectal cancer",10.1002/med.21989,26,27
The mechanisms and clinical application of Traditional Chinese Medicine Lianhua-Qingwen capsule,10.1016/j.biopha.2021.111998,26,30
Signaling pathways and targeted therapy for myocardial infarction,10.1038/s41392-022-00925-z,26,26
Machine learning for synergistic network pharmacology: a comprehensive overview,10.1093/bib/bbad120,26,31
BATMAN-TCM 2.0: an enhanced integrative database for known and predicted interactions between traditional Chinese medicine ingredients and target proteins,10.1093/nar/gkad926,26,32
Polyphyllin I induced ferroptosis to suppress the progression of hepatocellular carcinoma through activation of the mitochondrial dysfunction via Nrf2/HO-1/GPX4 axis,10.1016/j.phymed.2023.155135,26,30
"Chemical profiling of Huashi Baidu prescription, an effective anti-COVID-19 TCM formula, by UPLC-Q-TOF/MS",10.1016/s1875-5364(21)60046-8,26,28
Broadening horizons: the role of ferroptosis in cancer,10.1038/s41571-020-00462-0,26,30
Hepatocellular carcinoma,10.1038/s41572-020-00240-3,26,34
"GPX4: The hub of lipid oxidation, ferroptosis, disease and treatment",10.1016/j.bbcan.2023.188890,26,40
Decoding the Mechanism of Huanglian Jiedu Decoction in Treating Pneumonia Based on Network Pharmacology and Molecular Docking,10.3389/fcell.2021.638366,26,33
"Glabridin, a bioactive component of licorice, ameliorates diabetic nephropathy by regulating ferroptosis and the VEGF/Akt/ERK pathways",10.1186/s10020-022-00481-w,25,29
Health Benefits and Pharmacological Properties of Stigmasterol,10.3390/antiox11101912,25,27
Gut microbiome and health: mechanistic insights,10.1136/gutjnl-2021-326789,25,29
Astragaloside IV promotes microglia/macrophages M2 polarization and enhances neurogenesis and angiogenesis through PPARγ pathway after cerebral ischemia/reperfusion injury in rats,10.1016/j.intimp.2020.107335,25,25
Kaempferol Alleviates Murine Experimental Colitis by Restoring Gut Microbiota and Inhibiting the LPS-TLR4-NF-κB Axis,10.3389/fimmu.2021.679897,25,31
Salvianolic acid B and ferulic acid synergistically promote angiogenesis in HUVECs and zebrafish via regulating VEGF signaling,10.1016/j.jep.2021.114667,25,29
ADMETlab 2.0: an integrated online platform for accurate and comprehensive predictions of ADMET properties,10.1093/nar/gkab255,25,27
"RCSB Protein Data Bank: powerful new tools for exploring 3D structures of biological macromolecules for basic and applied research and education in fundamental biology, biomedicine, biotechnology, bioengineering and energy sciences",10.1093/nar/gkaa1038,25,31
Therapeutic Effects of Naringin in Rheumatoid Arthritis: Network Pharmacology and Experimental Validation,10.3389/fphar.2021.672054,25,25
Identifying potential anti-COVID-19 pharmacological components of traditional Chinese medicine Lianhuaqingwen capsule based on human exposure and ACE2 biochromatography screening,10.1016/j.apsb.2020.10.002,25,27
The add-on effect of Chinese herbal medicine on COVID-19: A systematic review and meta-analysis,10.1016/j.phymed.2020.153282,25,33
Ulcerative Colitis in Adults: A Review,10.1001/jama.2023.15389,24,35
Multi-omics analysis reveals the mechanism of action of ophiopogonin D against pulmonary fibrosis,10.1016/j.phymed.2023.155078,24,24
KEGG: integrating viruses and cellular organisms,10.1093/nar/gkaa970,24,27
A review of pharmacological and pharmacokinetic properties of Forsythiaside A,10.1016/j.phrs.2021.105690,24,24
Natural product derived phytochemicals in managing acute lung injury by multiple mechanisms,10.1016/j.phrs.2020.105224,24,26
Comparative Toxicogenomics Database (CTD): update 2023,10.1093/nar/gkac833,24,32
DHODH-mediated ferroptosis defence is a targetable vulnerability in cancer,10.1038/s41586-021-03539-7,24,33
"Cellular mitophagy: Mechanism, roles in diseases and small molecule pharmacological regulation",10.7150/thno.79876,24,24
DrugBank 6.0: the DrugBank Knowledgebase for 2024,10.1093/nar/gkad976,24,32
SRplot: A free online platform for data visualization and graphing,10.1371/journal.pone.0294236,24,30
Baicalin Alleviates Oxidative Stress and Inflammation in Diabetic Nephropathy via Nrf2 and MAPK Signaling Pathway,10.2147/dddt.s319260,24,30
Research Status and Molecular Mechanism of the Traditional Chinese Medicine and Antitumor Therapy Combined Strategy Based on Tumor Microenvironment,10.3389/fimmu.2020.609705,24,31
Saikosaponin A improved depression -like behavior and inhibited hippocampal neuronal apoptosis after cerebral ischemia through p-CREB/BDNF pathway,10.1016/j.bbr.2021.113138,24,25
The positive role of traditional Chinese medicine as an adjunctive therapy for cancer,10.5582/bst.2021.01318,24,32
Therapeutic targets of neuroprotection and neurorestoration in ischemic stroke: Applications for natural compounds from medicinal herbs,10.1016/j.biopha.2022.112719,24,27
Kaempferol Ameliorates Oxygen-Glucose Deprivation/Reoxygenation-Induced Neuronal Ferroptosis by Activating Nrf2/SLC7A11/GPX4 Axis,10.3390/biom11070923,24,28
Mechanisms of neuronal cell death in ischemic stroke and their therapeutic implications,10.1002/med.21817,24,34
Efficacy and mechanisms of traditional Chinese medicine for COVID-19: a systematic review,10.1186/s13020-022-00587-7,23,30
Ferroptosis: mechanisms and links with diseases,10.1038/s41392-020-00428-9,23,30
Cryptotanshinone specifically suppresses NLRP3 inflammasome activation and protects against inflammasome-mediated diseases,10.1016/j.phrs.2020.105384,23,26
Xianglian Pill attenuates ulcerative colitis through TLR4/MyD88/NF-κB signaling pathway,10.1016/j.jep.2022.115690,23,23
Tanshinone IIA mediates protection from diabetes kidney disease by inhibiting oxidative stress induced pyroptosis,10.1016/j.jep.2023.116667,23,27
Modern research thoughts and methods on bio-active components of TCM formulae,10.1016/s1875-5364(22)60206-1,23,24
Astragaloside IV prevents acute myocardial infarction by inhibiting the TLR4/MyD88/NF-κB signaling pathway,10.1111/jfbc.13757,23,26
Evaluating the quality consistency of Keteling capsules by three-dimensional quantum fingerprints and HPLC fingerprint,10.1016/j.saa.2021.120820,23,24
Comparative Toxicogenomics Database (CTD): update 2021,10.1093/nar/gkaa891,22,32
Traditional Chinese medicine for precancerous lesions of gastric cancer: A review,10.1016/j.biopha.2021.112542,22,33
Effect of Buyang Huanwu decoction for the rehabilitation of ischemic stroke patients: a meta-analysis of randomized controlled trials,10.1186/s12955-021-01728-6,22,24
Gut microbiota in human metabolic health and disease,10.1038/s41579-020-0433-9,22,25
Ingredients with anti-inflammatory effect from medicine food homology plants,10.1016/j.foodchem.2021.130610,22,24
Network pharmacology for the identification of phytochemicals in traditional Chinese medicine for COVID-19 that may regulate interleukin-6,10.1042/bsr20202583,22,28
Cardioprotection of Panax Notoginseng saponins against acute myocardial infarction and heart failure through inducing autophagy,10.1016/j.biopha.2021.111287,22,24
Therapeutic application of quercetin in aging-related diseases: SIRT1 as a potential mechanism,10.3389/fimmu.2022.943321,22,25
Mechanism of action of Daqinjiao decoction in treating cerebral small vessel disease explored using network pharmacology and molecular docking technology,10.1016/j.phymed.2022.154538,22,24
Cardioprotective activity of ethyl acetate extract of Cinnamomi Ramulus against myocardial ischemia/reperfusion injury in rats via inhibiting NLRP3 inflammasome activation and pyroptosis,10.1016/j.phymed.2021.153798,22,23
Non-alcoholic fatty liver disease,10.1016/s0140-6736(20)32511-3,22,30
Sinomenine ameliorates rheumatoid arthritis by modulating tryptophan metabolism and activating aryl hydrocarbon receptor via gut microbiota regulation,10.1016/j.scib.2023.06.027,22,24
Salvia miltiorrhiza stems and leaves total phenolic acids combination with tanshinone protect against DSS-induced ulcerative colitis through inhibiting TLR4/PI3K/AKT/mTOR signaling pathway in mice,10.1016/j.jep.2020.113052,22,24
NLRP3 inflammasome activation and cell death,10.1038/s41423-021-00740-6,22,25
Best Practice in the chemical characterisation of extracts used in pharmacological and toxicological research-The ConPhyMP-Guidelines,10.3389/fphar.2022.953205,22,25
Identification of bioactive compounds and potential mechanisms of scutellariae radix-coptidis rhizoma in the treatment of atherosclerosis by integrating network pharmacology and experimental validation,10.1016/j.biopha.2023.115210,22,23
Ginsenoside Rb1 Inhibits Cardiomyocyte Autophagy via PI3K/Akt/mTOR Signaling Pathway and Reduces Myocardial Ischemia/Reperfusion Injury,10.1142/s0192415x21500907,22,22
"Constituents, Pharmacokinetics, and Pharmacology of Gegen-Qinlian Decoction",10.3389/fphar.2021.668418,22,28
A traditional Chinese medicine formula NRICM101 to target COVID-19 through multiple pathways: A bedside-to-bench study,10.1016/j.biopha.2020.111037,21,25
Recent Research on Flavonoids and their Biomedical Applications,10.2174/0929867327666200713184138,21,21
A review for the pharmacological effects of paeoniflorin in the nervous system,10.3389/fphar.2022.898955,21,23
"Elucidation of the mechanism of Yiqi Tongluo Granule against cerebral ischemia/reperfusion injury based on a combined strategy of network pharmacology, multi-omics and molecular biology",10.1016/j.phymed.2023.154934,21,24
Neuroinflammation and microglial activation in Alzheimer disease: where do we go from here?,10.1038/s41582-020-00435-y,21,26
CD4 T-Cell Subsets and the Pathophysiology of Inflammatory Bowel Disease,10.3390/ijms24032696,21,29
Traditional Chinese medicine for dementia,10.1002/alz.12258,21,23
Traditional Chinese medicine shenhuang granule in patients with severe/critical COVID-19: A randomized controlled multicenter trial,10.1016/j.phymed.2021.153612,21,25
Exploring the mechanisms underlying the therapeutic effect of Salvia miltiorrhiza in diabetic nephropathy using network pharmacology and molecular docking,10.1042/bsr20203520,21,24
Bioactive compounds from Huashi Baidu decoction possess both antiviral and anti-inflammatory effects against COVID-19,10.1073/pnas.2301775120,21,22
NF-κB: At the Borders of Autoimmunity and Inflammation,10.3389/fimmu.2021.716469,21,22
"CB-Dock2: improved protein ligand blind docking by integrating cavity detection, docking and homologous template fitting",10.1093/nar/gkac394,21,21
Exploration of the potential mechanism of the Tao Hong Si Wu Decoction for the treatment of postpartum blood stasis based on network pharmacology and in vivo experimental verification,10.1016/j.jep.2020.113641,21,23
Network pharmacology-based approach to understand the effect and mechanism of Danshen against anemia,10.1016/j.jep.2021.114615,21,23
RCSB Protein Data Bank (RCSB.org): delivery of experimentally-determined PDB structures alongside one million computed structure models of proteins from artificial intelligence/machine learning,10.1093/nar/gkac1077,21,24
Machine-learning methods for ligand-protein molecular docking,10.1016/j.drudis.2021.09.007,21,23
Global burden of heart failure: a comprehensive and updated review of epidemiology,10.1093/cvr/cvac013,20,24
Formation of a traditional Chinese medicine self-assembly nanostrategy and its application in cancer: a promising treatment,10.1186/s13020-023-00764-2,20,22
The direct evidence and mechanism of traditional Chinese medicine treatment of COVID-19,10.1016/j.biopha.2021.111267,20,27
Current Policies and Measures on the Development of Traditional Chinese Medicine in China,10.1016/j.phrs.2020.105187,20,20
"Exploring the Molecular Mechanism of Action of Yinchen Wuling Powder for the Treatment of Hyperlipidemia, Using Network Pharmacology, Molecular Docking, and Molecular Dynamics Simulation",10.1155/2021/9965906,20,24
Traditional Chinese Formula Xiaoyaosan Alleviates Depressive-Like Behavior in CUMS Mice by Regulating PEBP1-GPX4-Mediated Ferroptosis in the Hippocampus,10.2147/ndt.s302443,20,24
Autophagy and autophagy-related pathways in cancer,10.1038/s41580-023-00585-z,20,21
KOBAS-i: intelligent prioritization and exploratory visualization of biological functions for gene enrichment analysis,10.1093/nar/gkab447,20,23
Regulated cell death pathways in kidney disease,10.1038/s41581-023-00694-0,20,22
Heart Disease and Stroke Statistics-2021 Update A Report From the American Heart Association,10.1161/cir.0000000000000950,20,22
Prevention and treatment of inflammatory arthritis with traditional Chinese medicine: Underlying mechanisms based on cell and molecular targets,10.1016/j.arr.2023.101981,20,21
Quercetin and metabolic syndrome: A review,10.1002/ptr.7144,20,22
Integrated serum pharmacochemistry and network pharmacological analysis used to explore possible anti-rheumatoid arthritis mechanisms of the Shentong-Zhuyu decoction,10.1016/j.jep.2021.113988,20,22
Guizhi Shaoyao Zhimu granules attenuate bone destruction in mice with collagen-induced arthritis by promoting mitophagy of osteoclast precursors to inhibit osteoclastogenesis,10.1016/j.phymed.2023.154967,20,21
Hyperoside Ameliorates DSS-Induced Colitis through MKRN1-Mediated Regulation of PPARγ Signaling and Th17/Treg Balance,10.1021/acs.jafc.1c06292,20,22
Network medicine framework reveals generic herb-symptom effectiveness of traditional Chinese medicine,10.1126/sciadv.adh0215,20,25
Traditional Medicine Pien Tze Huang Suppresses Colorectal Tumorigenesis Through Restoring Gut Microbiota and Metabolites,10.1053/j.gastro.2023.08.052,20,20
Cytokines and Chemokines Involved in Osteoarthritis Pathogenesis,10.3390/ijms22179208,20,21
Traditional Chinese herbal medicine at the forefront battle against COVID-19: Clinical experience and scientific basis,10.1016/j.phymed.2020.153337,19,23
Pulsatilla chinensis Saponins Ameliorate Inflammation and DSS-Induced Ulcerative Colitis in Rats by Regulating the Composition and Diversity of Intestinal Flora,10.3389/fcimb.2021.728929,19,19
Integrative lipidomic and transcriptomic study unravels the therapeutic effects of saikosaponins A and D on non-alcoholic fatty liver disease,10.1016/j.apsb.2021.03.018,19,21
"Efficacy evaluation, active ingredients, and multitarget exploration of herbal medicine",10.1016/j.tem.2023.01.005,19,21
Macrophage Polarization and Its Role in Liver Disease,10.3389/fimmu.2021.803037,19,20
"Network pharmacology, molecular docking integrated surface plasmon resonance technology reveals the mechanism of Toujie Quwen Granules against coronavirus disease 2019 pneumonia",10.1016/j.phymed.2020.153401,19,19
Integrated metabolomics and network pharmacology to reveal antioxidant mechanisms and potential pharmacological ingredients of citrus herbs,10.1016/j.foodres.2023.113514,19,19
Emodin-A natural anthraquinone derivative with diverse pharmacological activities,10.1016/j.phytochem.2021.112854,19,19
Evolution of the adaptogenic concept from traditional use to medical systems: Pharmacology of stress- and aging-related diseases,10.1002/med.21743,19,29
Progress of research into the pharmacological effect and clinical application of the traditional Chinese medicine Rehmanniae Radix,10.1016/j.biopha.2023.115809,19,20
"The discovery of Q-markers of Qiliqiangxin Capsule, a traditional Chinese medicine prescription in the treatment of chronic heart failure, based on a novel strategy of multi-dimensional ""radar chart"" mode evaluation",10.1016/j.phymed.2020.153443,19,21
"Extraction, structure and bioactivities of polysaccharides from Rehmannia glutinosa: A review",10.1016/j.jep.2022.116132,19,22
Main active components of Jiawei Gegen Qinlian decoction protects against ulcerative colitis under different dietary environments in a gut microbiota-dependent manner,10.1016/j.phrs.2021.105694,19,22
Luteolin alleviates inflammation and modulates gut microbiota in ulcerative colitis rats,10.1016/j.lfs.2020.119008,19,29
Traditional Chinese Medicine for adjuvant treatment of breast cancer: Taohong Siwu Decoction,10.1186/s13020-021-00539-7,19,22
Baitouweng decoction alleviates dextran sulfate sodium-induced ulcerative colitis by regulating intestinal microbiota and the IL-6/STAT3 signaling pathway,10.1016/j.jep.2020.113357,19,21
"Plant flavonoids: Classification, distribution, biosynthesis, and antioxidant activity",10.1016/j.foodchem.2022.132531,18,18
Chinese Herbal Medicine for the Treatment of Depression: Effects on the Neuroendocrine-Immune Network,10.3390/ph14010065,18,18
gmx_MMPBSA: A New Tool to Perform End-State Free Energy Calculations with GROMACS,10.1021/acs.jctc.1c00645,18,26
Zuojin Pill ameliorates chronic atrophic gastritis induced by MNNG through TGF-β1/PI3K/Akt axis,10.1016/j.jep.2021.113893,18,28
Plant-Derived Vesicle-Like Nanoparticles as Promising Biotherapeutic Tools: Present and Future,10.1002/adma.202207826,18,26
Traditional herbal medicine: Therapeutic potential in rheumatoid arthritis,10.1016/j.jep.2021.114368,18,18
Intestinal Flora: A Pivotal Role in Investigation of Traditional Chinese Medicine,10.1142/s0192415x21500130,18,18
Formononetin protects against inflammation associated with cerebral ischemia-reperfusion injury in rats by targeting the JAK2/STAT3 signaling pathway,10.1016/j.biopha.2022.112836,18,18
"Ferulic acid: A review of its pharmacology, pharmacokinetics and derivatives",10.1016/j.lfs.2021.119921,18,19
Potential effect of Maxing Shigan decoction against coronavirus disease 2019 (COVID-19) revealed by network pharmacology and experimental verification,10.1016/j.jep.2021.113854,18,22
Combination of polysaccharides from Astragalus membranaceus and Codonopsis pilosula ameliorated mice colitis and underlying mechanisms,10.1016/j.jep.2020.113280,18,18
Kidney fibrosis: from mechanisms to therapeutic medicines,10.1038/s41392-023-01379-7,18,21
"Cancer statistics, 2024",10.3322/caac.21820,18,18
Berberine improves colitis by triggering AhR activation by microbial tryptophan catabolites,10.1016/j.phrs.2020.105358,18,19
Assessment of suitable cultivation region for Panax notoginseng under different climatic conditions using MaxEnt model and high-performance liquid chromatography in China,10.1016/j.indcrop.2021.114416,17,47
Flavonoids as Potential Anti-Inflammatory Molecules: A Review,10.3390/molecules27092901,17,17
Integrating network analysis and experimental validation to reveal the mitophagy-associated mechanism of Yiqi Huoxue (YQHX) prescription in the treatment of myocardial ischemia/reperfusion injury,10.1016/j.phrs.2023.106682,17,19
Potential compound from herbal food of Rhizoma Polygonati for treatment of COVID-19 analyzed by network pharmacology: Viral and cancer signaling mechanisms,10.1016/j.jff.2020.104149,17,19
Antiviral effect of fufang yinhua jiedu (FFYH) granules against influenza A virus through regulating the inflammatory responses by TLR7/MyD88 signaling pathway,10.1016/j.jep.2021.114063,17,18
Traditional Chinese medicine (TCM) as a source of new anticancer drugs,10.1039/d0np00057d,17,20
New insights into the role and mechanisms of ginsenoside Rg1 in the management of Alzheimer's disease,10.1016/j.biopha.2022.113207,17,19
Management of Rheumatoid Arthritis: An Overview,10.3390/cells10112857,17,18
"A review of the ethnopharmacology, phytochemistry, pharmacology and toxicology of Fructus Gardeniae (Zhi-zi)",10.1016/j.jep.2022.114984,17,17
Rapid classification and identification of chemical components of Astragali radix by UPLC-Q-TOF-MS,10.1002/pca.3150,17,18
Ginsenosides in Panax genus and their biosynthesis,10.1016/j.apsb.2020.12.017,17,19
Huangkui capsule in combination with metformin ameliorates diabetic nephropathy via the Klotho/TGF-β1/p38MAPK signaling pathway,10.1016/j.jep.2020.113548,17,23
Qing-Xue-Xiao-Zhi formula attenuates atherosclerosis by inhibiting macrophage lipid accumulation and inflammatory response via TLR4/MyD88/NF-κB pathway regulation,10.1016/j.phymed.2021.153812,17,18
Traditional Chinese Medicine and Colorectal Cancer: Implications for Drug Discovery,10.3389/fphar.2021.685002,17,20
NF-κB in biology and targeted therapy: new insights and translational implications,10.1038/s41392-024-01757-9,17,17
NLRP3 and pyroptosis blockers for treating inflammatory diseases,10.1016/j.tips.2022.04.003,17,20
A Review of Traditional Chinese Medicine on Treatment of Diabetic Nephropathy and the Involved Mechanisms,10.1142/s0192415x22500744,17,19
"Shufeng Jiedu, a promising herbal therapy for moderate COVID-19: Antiviral and anti-inflammatory properties, pathways of bioactive compounds, and a clinical real-world pragmatic study",10.1016/j.phymed.2020.153390,17,21
From Xiaoke to diabetes mellitus: a review of the research progress in traditional Chinese medicine for diabetes mellitus treatment,10.1186/s13020-023-00783-z,16,17
Zhisou powder displays therapeutic effect on chronic bronchitis through inhibiting PI3K/Akt/HIF-1α/VEGFA signaling pathway and reprograming metabolic pathway of arachidonic acid,10.1016/j.jep.2023.117110,16,16
Astragaloside IV ameliorates diabetic nephropathy in db/db mice by inhibiting NLRP3 inflammasome-mediated inflammation,10.3892/ijmm.2021.4996,16,21
Global Epidemiology of Stroke and Access to Acute Ischemic Stroke Interventions,10.1212/wnl.0000000000012781,16,20
Mechanisms and disease consequences of nonalcoholic fatty liver disease,10.1016/j.cell.2021.04.015,16,24
Molecular and cellular mechanisms of liver fibrosis and its regression,10.1038/s41575-020-00372-7,16,17
Efficacy and safety of Chinese herbal medicine versus Lopinavir-Ritonavir in adult patients with coronavirus disease 2019: A non-randomized controlled trial,10.1016/j.phymed.2020.153367,16,21
"A SIRT1 Activator, Ginsenoside Rc, Promotes Energy Metabolism in Cardiomyocytes and Neurons",10.1021/jacs.0c10836,16,18
Integrating Network Pharmacology and Experimental Validation to Investigate the Effects and Mechanism of Astragalus Flavonoids Against Hepatic Fibrosis,10.3389/fphar.2020.618262,16,16
Emodin Ameliorates Renal Damage and Podocyte Injury in a Rat Model of Diabetic Nephropathy via Regulating AMPK/mTOR-Mediated Autophagy Signaling Pathway,10.2147/dmso.s299375,16,18
Potential Implications of Quercetin in Autoimmune Diseases,10.3389/fimmu.2021.689044,16,17
Traditional herbal medicine and nanomedicine: Converging disciplines to improve therapeutic efficacy and human health,10.1016/j.addr.2021.113964,16,19
Quercetin induces p53-independent cancer cell death through lysosome activation by the transcription factor EB and Reactive Oxygen Species-dependent ferroptosis,10.1111/bph.15350,15,16
"Global, regional, and national burden of stroke and its risk factors, 1990-2019: a systematic analysis for the Global Burden of Disease Study 2019",10.1016/s1474-4422(21)00252-0,15,19
Blautia-a new functional genus with potential probiotic properties?,10.1080/19490976.2021.1875796,15,16
"RETRACTED: 6-month consequences of COVID-19 in patients discharged from hospital: a cohort study (Publication with Expression of Concern. See vol. 401, pg. 90, 2023) (Retracted Article)",10.1016/s0140-6736(20)32656-8,15,17
Chronic obstructive pulmonary disease,10.1016/s0140-6736(22)00470-6,15,16
Heart Disease and Stroke Statistics-2022 Update: A Report From the American Heart Association,10.1161/cir.0000000000001052,15,15
Therapeutic Potential of Bioactive Components from Scutellaria baicalensis Georgi in Inflammatory Bowel Disease and Colorectal Cancer: A Review,10.3390/ijms24031954,15,15
Bile acids and the gut microbiota: metabolic interactions and impacts on disease,10.1038/s41579-022-00805-x,15,15
Efficacy of Traditional Chinese Medicine Combined with Selective Serotonin Reuptake Inhibitors on the Treatment for Parkinson's Disease with Depression: A Systematic Review and Meta-Analysis,10.1142/s0192415x21500282,15,19
Xiaoyaosan Alleviates Hippocampal Glutamate-Induced Toxicity in the CUMS Rats via NR2B and PI3K/Akt Signaling Pathway,10.3389/fphar.2021.586788,15,20
"Cancer statistics, 2023",10.3322/caac.21763,15,16
"GPX4 in cell death, autophagy, and disease",10.1080/15548627.2023.2218764,15,20
Traditional Chinese Medicine in nonalcoholic fatty liver disease: molecular insights and therapeutic perspectives,10.1186/s13020-021-00469-4,15,16
"Lung cancer immunotherapy: progress, pitfalls, and promises",10.1186/s12943-023-01740-y,15,15
Characteristics of SARS-CoV-2 and COVID-19,10.1038/s41579-020-00459-7,15,19
"Discovering the potential active ingredients of Qi-Yu-San-Long decoction for anti-oxidation, inhibition of non-small cell lung cancer based on the spectrum-effect relationship combined with chemometric methods",10.3389/fphar.2022.989139,15,15
Exploring the possible mechanism(s) underlying the nephroprotective effect of Zhenwu Decoction in diabetic kidney disease: An integrated analysis,10.1016/j.phymed.2023.154988,15,15
Traditional Chinese medicine in the treatment of nonalcoholic steatohepatitis,10.1016/j.phrs.2021.105849,15,17
"Xiaoyao Pills, a Chinese patent medicine, treats mild and moderate depression: A randomized clinical trial combined with DNA methylation analysis",10.1016/j.phymed.2024.155660,15,15
Bioactive components and molecular mechanisms of Salvia miltiorrhiza Bunge in promoting blood circulation to remove blood stasis,10.1016/j.jep.2023.116697,15,15
"A comprehensive review of ethnopharmacology, phytochemistry, pharmacology, and pharmacokinetics of Schisandra chinensis (Turcz.) Baill. and Schisandra sphenanthera Rehd. et Wils.",10.1016/j.jep.2021.114759,15,16
The signaling pathways and targets of traditional Chinese medicine and natural medicine in triple-negative breast cancer,10.1016/j.jep.2020.113249,15,19
Identification of the active compounds and functional mechanisms of Jinshui Huanxian formula in pulmonary fibrosis by integrating serum pharmacochemistry with network pharmacology,10.1016/j.phymed.2022.154177,15,15
Protection of Taohong Siwu Decoction on PC12 cells injured by oxygen glucose deprivation/reperfusion via mitophagy-NLRP3 inflammasome pathway in vitro,10.1016/j.jep.2022.115784,15,17
Chaihu-Shugan-San inhibits neuroinflammation in the treatment of post-stroke depression through the JAK/STAT3-GSK38/PTEN/Akt pathway,10.1016/j.biopha.2023.114385,15,15
Inhibition of STAT3-ferroptosis negative regulatory axis suppresses tumor growth and alleviates chemoresistance in gastric cancer,10.1016/j.redox.2022.102317,15,17
Scutellaria baicalensis Georgi polysaccharide ameliorates DSS-induced ulcerative colitis by improving intestinal barrier function and modulating gut microbiota,10.1016/j.ijbiomac.2020.10.259,15,15
2021 ESC Guidelines for the diagnosis and treatment of acute and chronic heart failure,10.1093/eurheartj/ehab368,14,17
Phytochemistry and cardiovascular protective effects of Huang-Qi (Astragali Radix),10.1002/med.21785,14,14
Tongxinluo attenuates atherosclerosis by inhibiting ROS/NLRP3/caspase-1-mediated endothelial cell pyroptosis,10.1016/j.jep.2022.116011,14,19
Analysis of Molecular Mechanism of Erxian Decoction in Treating Osteoporosis Based on Formula Optimization Model,10.1155/2021/6641838,14,14
"Dihydroberberine, an isoquinoline alkaloid, exhibits protective effect against dextran sulfate sodium-induced ulcerative colitis in mice",10.1016/j.phymed.2021.153631,14,16
Scutellaria baicalensis extract and baicalein inhibit replication of SARS-CoV-2 and its 3C-like protease in vitro,10.1080/14756366.2021.1873977,14,16
Integrated metabolomics and network pharmacology to reveal the mechanisms of hydroxysafflor yellow A against acute traumatic brain injury,10.1016/j.csbj.2021.01.033,14,15
Diversity in Chemical Structures and Biological Properties of Plant Alkaloids,10.3390/molecules26113374,14,14
Plant Exosome-like Nanovesicles: Emerging Therapeutics and Drug Delivery Nanoplatforms,10.1016/j.ymthe.2020.11.030,14,17
HMDB 5.0: the Human Metabolome Database for 2022,10.1093/nar/gkab1062,14,18
Ginseng root extract attenuates inflammation by inhibiting the MAPK/NF-κB signaling pathway and activating autophagy and p62-Nrf2-Keap1 signaling in vitro and in vivo,10.1016/j.jep.2021.114739,14,15
Immunosuppressive activity is attenuated by Astragalus polysaccharides through remodeling the gut microenvironment in melanoma mice,10.1111/cas.15078,14,14
Hepatocellular carcinoma,10.1016/s0140-6736(22)01200-4,14,17
"Medicinal plants from the 14th edition of the Russian Pharmacopoeia, recent updates",10.1016/j.jep.2020.113685,14,21
Liver cirrhosis,10.1016/s0140-6736(21)01374-x,14,17
Shaoyao-Gancao Decoction Ameliorates the Inflammation State in Polycystic Ovary Syndrome Rats via Remodeling Gut Microbiota and Suppressing the TLR4/NF-κB Pathway,10.3389/fphar.2021.670054,14,14
"Ethnopharmacology, Phytochemistry, Pharmacology, Toxicology and Clinical Applications of Radix Astragali",10.1007/s11655-019-3032-8,14,15
Network pharmacology: a bright guiding light on the way to explore the personalized precise medication of traditional Chinese medicine,10.1186/s13020-023-00853-2,14,14
"A review of the biological activity and pharmacology of cryptotanshinone, an important active constituent in Danshen",10.1016/j.biopha.2021.111332,14,15
Tripterygium wilfordii: An inspiring resource for rheumatoid arthritis treatment,10.1002/med.21762,13,13
PI3K/AKT/mTOR signaling transduction pathway and targeted therapies in cancer,10.1186/s12943-023-01827-6,13,16
Targeting inflammation to treat diabetic kidney disease: the road to 2030,10.1016/j.kint.2022.10.030,13,13
Emodin Attenuates LPS-Induced Acute Lung Injury by Inhibiting NLRP3 Inflammasome-Dependent Pyroptosis Signaling Pathway In vitro and In vivo,10.1007/s10753-021-01581-1,13,14
Research progress in use of traditional Chinese medicine monomer for treatment of non-alcoholic fatty liver disease,10.1016/j.ejphar.2021.173976,13,15
Cardiac fibrosis,10.1093/cvr/cvaa324,13,13
Quality monitoring of Shenmai injection by HPLC pharmacodynamic fingerprinting,10.1186/s13065-023-00920-7,13,13
Structural characterization and immunomodulatory activities of two polysaccharides from Rehmanniae Radix Praeparata,10.1016/j.ijbiomac.2021.06.100,13,16
Yam-derived exosome-like nanovesicles stimulate osteoblast formation and prevent osteoporosis in mice,10.1016/j.jconrel.2023.01.071,13,19
Integrating hippocampal metabolomics and network pharmacology deciphers the antidepressant mechanisms of Xiaoyaosan,10.1016/j.jep.2020.113549,13,17
"Cancer statistics in China and United States, 2022: profiles, trends, and determinants",10.1097/cm9.0000000000002108,13,21
"Extraction, structure, pharmacological activities and drug carrier applications of Angelica sinensis polysaccharide",10.1016/j.ijbiomac.2021.05.213,13,14
Exploration of the mechanism of Zisheng Shenqi decoction against gout arthritis using network pharmacology,10.1016/j.compbiolchem.2020.107358,13,13
"Huanglian Jiedu decoction remodels the periphery microenvironment to inhibit Alzheimer's disease progression based on the ""brain-gut"" axis through multiple integrated omics",10.1186/s13195-021-00779-7,13,13
Attacking the PI3K/Akt/mTOR signaling pathway for targeted therapeutic treatment in human cancer,10.1016/j.semcancer.2021.06.019,13,14
The therapeutic effects of saikosaponins on depression through the modulation of neuroplasticity: From molecular mechanisms to potential clinical applications,10.1016/j.phrs.2024.107090,13,13
Role of gut microbiota in identification of novel TCM-derived active metabolites,10.1007/s13238-020-00784-w,13,13
Traditional Chinese medicine compounds regulate autophagy for treating neurodegenerative disease: A mechanism review,10.1016/j.biopha.2020.110968,13,14
Paeoniflorin: A neuroprotective monoterpenoid glycoside with promising anti-depressive properties,10.1016/j.phymed.2021.153669,13,14
Baicalin prevents LPS-induced activation of TLR4/NF-κB p65 pathway and inflammation in mice via inhibiting the expression of CD14,10.1038/s41401-020-0411-9,13,13
Analysis of the distribution pattern of Chinese Ziziphus jujuba under climate change based on optimized biomod2 and MaxEnt models,10.1016/j.ecolind.2021.108256,12,32
Gout,10.1016/s0140-6736(21)00569-9,12,14
Yiqi Jiedu Huayu Decoction Alleviates Renal Injury in Rats With Diabetic Nephropathy by Promoting Autophagy,10.3389/fphar.2021.624404,12,14
"The traditional uses, phytochemistry, and pharmacological properties of Paris L. (Liliaceae): A review",10.1016/j.jep.2021.114293,12,12
Endothelial Dysfunction in Atherosclerotic Cardiovascular Diseases and Beyond: From Mechanism to Pharmacotherapies,10.1124/pharmrev.120.000096,12,13
Distribution patterns and industry planning of commonly used traditional Chinese medicinal plants in China,10.1016/j.pld.2021.11.003,12,19
Canonical Chinese medicine formula Danzhi-Xiaoyao-San for treating depression: A systematic review and meta-analysis,10.1016/j.jep.2021.114960,12,14
Advances in traditional Chinese medicine for the treatment of chronic obstructive pulmonary disease,10.1016/j.jep.2023.116229,12,12
Andrographolide as a potential inhibitor of SARS-CoV-2 main protease: an in silico approach,10.1080/07391102.2020.1760136,12,17
The anti-cancerous activity of adaptogenic herb Astragalus membranaceus,10.1016/j.phymed.2021.153698,12,12
Development of chromatographic technologies for the quality control of Traditional Chinese Medicine in the Chinese Pharmacopoeia,10.1016/j.jpha.2020.11.008,12,15
Thorough evaluation of the Chinese medicine preparations and intermediates using high performance liquid chromatography fingerprints and ultraviolet quantum fingerprints along with antioxidant activity: Shuanghuanglian oral solution as an example,10.1016/j.chroma.2023.464196,12,12
"Cistanches Herba, from an endangered species to a big brand of Chinese medicine",10.1002/med.21768,11,14
Pestalotioid Species Associated with Medicinal Plants in Southwest China and Thailand,10.1128/spectrum.03987-22,11,31
Structural characterization and anti-inflammatory activity of polysaccharides from Astragalus membranaceus,10.1016/j.ijbiomac.2023.124386,11,12
"Efficacy and safety of Bufei Huoxue capsules in the management of convalescent patients with COVID-19 infection: A multicentre, double-blind, and randomised controlled trial",10.1016/j.jep.2021.114830,11,15
PPAR control of metabolism and cardiovascular functions,10.1038/s41569-021-00569-6,11,12
Freshwater fungi from karst landscapes in China and Thailand,10.1007/s13225-023-00514-7,11,36
Fungal diversity notes 1387-1511: taxonomic and phylogenetic contributions on genera and species of fungal taxa,10.1007/s13225-021-00489-3,11,34
Cordycepin Ameliorates Nonalcoholic Steatohepatitis by Activation of the AMP-Activated Protein Kinase Signaling Pathway,10.1002/hep.31749,11,11
"Isatidis Radix and Isatidis Folium: A systematic review on ethnopharmacology, phytochemistry and pharmacology",10.1016/j.jep.2021.114648,11,12
Kaempferol and Kaempferide Attenuate Oleic Acid-Induced Lipid Accumulation and Oxidative Stress in HepG2 Cells,10.3390/ijms22168847,11,11
San Wu Huangqin decoction regulates inflammation and immune dysfunction induced by influenza virus by regulating the NF-κB signaling pathway in H1N1-infected mice,10.1016/j.jep.2020.112800,11,11
"Morphology, phylogeny, host association and geography of fungi associated with plants of Annonaceae, Apocynaceae and Magnoliaceae",10.5943/mycosphere/13/1/12,11,38
Naringenin: A potential flavonoid phytochemical for cancer therapy,10.1016/j.lfs.2022.120752,11,12
Outline of Fungi and fungus-like taxa-2021,10.5943/mycosphere/13/1/2,11,36
"Taxonomic and phylogenetic contributions to Celtis formosana, Ficus ampelas, F. septica, Macaranga tanarius and Morus australis leaf litter inhabiting microfungi",10.1007/s13225-021-00474-w,11,34
Metabolic reprogramming by traditional Chinese medicine and its role in effective cancer therapy,10.1016/j.phrs.2021.105728,11,12
Add-On Effect of Honeysuckle in the Treatment of Coronavirus Disease 2019: A Systematic Review and Meta-Analysis,10.3389/fphar.2021.708636,11,12
Gut-liver axis: Pathophysiological concepts and clinical implications,10.1016/j.cmet.2022.09.017,11,17
"A comprehensive review on ethnopharmacological, phytochemical, pharmacological and toxicological evaluation, and quality control of Pinellia ternata (Thunb.) Breit.",10.1016/j.jep.2022.115650,11,11
"Tree Visualization By One Table (tvBOT): a web application for visualizing, modifying and annotating phylogenetic trees",10.1093/nar/gkad359,11,18
Research advances in probiotic fermentation of Chinese herbal medicines,10.1002/imt2.93,11,14
Traditional application and modern pharmacological research of Eucommia ulmoides Oliv.,10.1186/s13020-021-00482-7,11,11
Collision of herbal medicine and nanotechnology: a bibliometric analysis of herbal nanoparticles from 2004 to 2023,10.1186/s12951-024-02426-3,11,12
Pyroptosis: mechanisms and diseases,10.1038/s41392-021-00507-5,11,12
Antidepressant-like effects of Z-ligustilide on chronic unpredictable mild stress-induced depression in rats,10.3892/etm.2021.10109,11,13
Mycosphere Notes 413-448: Dothideomycetes associated with woody oil plants in China,10.5943/mycosphere/14/1/16,11,38
Analysis of the mechanism of Buyang Huanwu Decoction against cerebral ischemia-reperfusion by multi-omics,10.1016/j.jep.2022.116112,11,14
Quercetin alleviates cyclophosphamide-induced premature ovarian insufficiency in mice by reducing mitochondrial oxidative stress and pyroptosis in granulosa cells,10.1186/s13048-022-01080-3,11,12
Effect of an Herbal-Based Injection on 28-Day Mortality in Patients With Sepsis The EXIT-SEP Randomized Clinical Trial,10.1001/jamainternmed.2023.0780,11,14
Advances in Traditional Chinese Medicine research in diabetic kidney disease treatment,10.1080/13880209.2024.2314705,11,11
"Shuganning injection, a traditional Chinese patent medicine, induces ferroptosis and suppresses tumor growth in triple-negative breast cancer cells",10.1016/j.phymed.2021.153551,11,12
Cardiac Energy Metabolism in Heart Failure,10.1161/circresaha.121.318241,11,15
Signal pathways in the treatment of Alzheimer's disease with traditional Chinese medicine,10.1016/j.biopha.2022.113208,10,12
Anti-inflammatory and immunoregulatory effects of icariin and icaritin,10.1016/j.biopha.2022.113180,10,10
Inflammasomes and Fibrosis,10.3389/fimmu.2021.643149,10,11
Assessing the impacts of climate change and habitat suitability on the distribution and quality of medicinal plant using multiple information integration: Take Gentiana rigescens as an example,10.1016/j.ecolind.2021.107376,10,33
Targeting PI3K/AKT signaling for treatment of idiopathic pulmonary fibrosis,10.1016/j.apsb.2021.07.023,10,10
The effective components of herbal medicines used for prevention and control of fish diseases,10.1016/j.fsi.2022.05.036,10,11
The AMPK pathway in fatty liver disease,10.3389/fphys.2022.970292,10,10
Targeting the alternative bile acid synthetic pathway for metabolic diseases,10.1007/s13238-020-00804-9,10,11
Understanding the role of the gut microbiome in gastrointestinal cancer: A review,10.3389/fphar.2023.1130562,10,11
Quality control of Hugan capsule based on four-wavelength fusion profiling and electrochemical fingerprint combined with antioxidant activity and chemometric analysis,10.1016/j.aca.2023.341015,10,12
"Sparganii Rhizoma: A review of traditional clinical application, processing, phytochemistry, pharmacology, and toxicity",10.1016/j.jep.2020.113571,10,12
Luteolin as a modulator of skin aging and inflammation,10.1002/biof.1699,10,12
Health Benefits of Quercetin in Age-Related Diseases,10.3390/molecules27082498,10,10
The changing landscape of atherosclerosis,10.1038/s41586-021-03392-8,10,13
Xuanfei Baidu Decoction reduces acute lung injury by regulating infiltration of neutrophils and macrophages via PD-1/IL17A pathway,10.1016/j.phrs.2022.106083,10,11
Baicalin and baicalein in modulating tumor microenvironment for cancer treatment: A comprehensive review with future perspectives,10.1016/j.phrs.2023.107032,10,10
Advances in oxidative stress in pathogenesis of diabetic kidney disease and efficacy of TCM intervention,10.1080/0886022x.2022.2146512,10,10
Efficacy and safety of the Chinese herbal medicine Xiao-qing-long-tang for allergic rhinitis: A systematic review and meta-analysis of randomized controlled trials,10.1016/j.jep.2022.115169,10,11
Salidroside alleviates cognitive impairment by inhibiting ferroptosis via activation of the Nrf2/GPX4 axis in SAMP8 mice,10.1016/j.phymed.2023.154762,10,12
Proteomic analysis reveals ginsenoside Rb1 attenuates myocardial ischemia/reperfusion injury through inhibiting ROS production from mitochondrial complex I,10.7150/thno.43895,9,11
Study on quality control of Zuojin pill by HPLC fingerprint with quantitative analysis of multi-components by single marker method and antioxidant activity analysis,10.1016/j.jpba.2022.115075,9,10
0 Total glycosides from stems of Cistanche tubulosa alleviate depression-like behaviors: bidirectional interaction of the phytochemicals and gut microbiota,10.1016/j.phymed.2021.153471,9,10
"A chinese herbal formula ameliorates COPD by inhibiting the inflammatory response via downregulation of p65, JNK, and p38",10.1016/j.phymed.2021.153475,9,9
Discovery of potential Q-marker of traditional Chinese medicine based on plant metabolomics and network pharmacology: Periplocae Cortex as an example,10.1016/j.phymed.2021.153535,9,9
Current treatment and recent progress in gastric cancer,10.3322/caac.21657,9,14
Gut Bacteroides species in health and disease,10.1080/19490976.2020.1848158,9,9
Pharmacological potential of Astragali Radix for the treatment of kidney diseases,10.1016/j.phymed.2023.155196,9,11
Plants as source of new therapies for endometriosis: a review of preclinical and clinical studies,10.1093/humupd/dmaa039,9,9
Population screening for liver fibrosis: Toward early diagnosis and intervention for chronic liver diseases,10.1002/hep.32163,9,9
Integrative approaches for species delimitation in Ascomycota,10.1007/s13225-021-00486-6,9,34
Taohong siwu decoction attenuates myocardial fibrosis by inhibiting fibrosis proliferation and collagen deposition via TGFBR1 signaling pathway,10.1016/j.jep.2021.113838,9,10
Chronic kidney disease,10.1016/s0140-6736(21)00519-5,9,9
Moderate warming will expand the suitable habitat of Ophiocordyceps sinensis and expand the area of O. sinensis with high adenosine content,10.1016/j.scitotenv.2021.147605,9,30
What are fungal species and how to delineate them?,10.1007/s13225-021-00483-9,9,35
"A systematic review on botany, processing, application, phytochemistry and pharmacological action of Radix Rehmnniae",10.1016/j.jep.2021.114820,9,10
MetaboAnalyst 5.0: narrowing the gap between raw spectra and functional insights,10.1093/nar/gkab382,9,10
Natural triterpenoids from licorice potently inhibit SARS-CoV-2 infection,10.1016/j.jare.2021.11.012,9,9
"Assessment of Chinese suitable habitats of Zanthoxylum nitidum in different climatic conditions by Maxent model, HPLC, and chemometric methods",10.1016/j.indcrop.2023.116515,9,20
Traditional Chinese medicine as a therapeutic option for cardiac fibrosis: Pharmacology and mechanisms,10.1016/j.biopha.2021.111979,8,9
Si Miao Formula attenuates non-alcoholic fatty liver disease by modulating hepatic lipid metabolism and gut microbiota,10.1016/j.phymed.2021.153544,8,9
Antiproliferative and palliative activity of flavonoids in colorectal cancer,10.1016/j.biopha.2021.112241,8,9
Morinda Officinalis-derived extracellular vesicle-like particles: Anti-osteoporosis effect by regulating MAPK signaling pathway,10.1016/j.phymed.2024.155628,8,12
Associations Between Using Chinese Herbal Medicine and Long-Term Outcome Among Pre-dialysis Diabetic Nephropathy Patients: A Retrospective Population-Based Cohort Study,10.3389/fphar.2021.616522,8,8
Palmatine Protects Against MSU-Induced Gouty Arthritis via Regulating the NF-?B/NLRP3 and Nrf2 Pathways,10.2147/dddt.s356307,8,8
Comprehensive analysis of Huanglian Jiedu decoction: Revealing the presence of a self-assembled phytochemical complex in its naturally-occurring precipitate,10.1016/j.jpba.2020.113820,8,9
Lung cancer,10.1016/s0140-6736(21)00312-3,8,12
Synovial inflammation in osteoarthritis progression,10.1038/s41584-022-00749-9,8,8
A novel hybrid scan approach enabling the ion-mobility separation and the alternate data-dependent and data-independent acquisitions (HDDIDDA): Its combination with off-line two-dimensional liquid chromatography for comprehensively characterizing the multicomponents from Compound Danshen Dripping Pill,10.1016/j.aca.2021.339320,8,13
The Potential Application of Chinese Medicine in Liver Diseases: A New Opportunity,10.3389/fphar.2021.771459,8,8
Modeling habitat suitability of Houttuynia cordata Thunb (Ceercao) using MaxEnt under climate change in China,10.1016/j.ecoinf.2021.101324,8,22
Integrated network pharmacology and metabolomics to dissect the combination mechanisms of Bupleurum chinense DC-Paeonia lactiflora Pall herb pair for treating depression,10.1016/j.jep.2020.113281,8,8
Targeting Akt/CREB/BDNF signaling pathway by ginsenosides in neurodegenerative diseases: A mechanistic approach,10.1016/j.phrs.2022.106099,8,9
Chemical profiling and quality evaluation of Zhishi-Xiebai-Guizhi Decoction by UPLC-Q-TOF-MS and UPLC fingerprint,10.1016/j.jpba.2020.113771,8,8
"Advances and challenges in ginseng research from 2011 to 2020: the phytochemistry, quality control, metabolism, and biosynthesis",10.1039/d1np00071c,8,13
Chinese herbal medicine bath therapy for psoriasis vulgaris using topical calcipotriol as the comparator: A systematic review with meta-analysis and association rule analysis,10.1016/j.jep.2024.118166,8,8
Si-Wu-Tang facilitates ovarian function through improving ovarian microenvironment and angiogenesis in a mouse model of premature ovarian failure,10.1016/j.jep.2021.114431,8,11
The Influence of Environmental Conditions on Secondary Metabolites in Medicinal Plants: A Literature Review,10.1002/cbdv.202100345,8,26
"Ethnopharmacological use, pharmacology, toxicology, phytochemistry, and progress in Chinese crude drug processing of the lateral root of Aconitum carmichaelii Debeaux. (Fuzi): A review",10.1016/j.jep.2022.115838,8,8
"Licorice: Resources, applications in ancient and modern times",10.1016/j.jep.2022.115594,8,8
Mechanisms of multi-omics and network pharmacology to explain traditional chinese medicine for vascular cognitive impairment: A narrative review,10.1016/j.phymed.2023.155231,7,7
Characterizing the influence of different drying methods on chemical components of Panax notoginseng leaves by heart-cutting two-dimensional liquid chromatography coupled to orbitrap high-resolution mass spectrometry,10.1016/j.foodchem.2021.130965,7,10
"Ephedrae herba: A comprehensive review of its traditional uses, phytochemistry, pharmacology, and toxicology",10.1016/j.jep.2023.116153,7,7
Atractylenolide III ameliorates Non-Alcoholic Fatty Liver Disease by activating Hepatic Adiponectin Receptor 1-Mediated AMPK Pathway,10.7150/ijbs.68873,7,8
Clostridium butyricum-fermented Chinese herbal medicine enhances the immunity by modulating the intestinal microflora of largemouth bass (Micropterus salmoides),10.1016/j.aquaculture.2022.738768,7,9
Integrated pharmacokinetic properties and tissue distribution of multiple active constituents in Qing-Yi Recipe: A comparison between granules and decoction,10.1016/j.phymed.2024.155645,7,7
"Cancer Statistics, 2021",10.3322/caac.21654,7,7
TLR4 and CD14 trafficking and its influence on LPS-induced pro-inflammatory signaling,10.1007/s00018-020-03656-y,7,8
Rheumatoid arthritis,10.1016/s0140-6736(23)01525-8,7,7
An integrated strategy of MS-network-based offline 2DLC-QTOF-MS/MS coupled with UHPLC-QTRAP®-MS/MS for the characterization and quantification of the non-polysaccharides in Sijunzi decoction,10.1007/s00216-021-03302-x,7,7
Assessing conservation priorities of threatened medicinal plants in China: A new comprehensive phylogenetic scoring system,10.1111/jse.12903,7,11
Houttuynia cordata Thunb: An Ethnopharmacological Review,10.3389/fphar.2021.714694,7,7
"Spectrum-effect relationship between GC-QTOF-MS fingerprint and antioxidant, anti-inflammatory activities of Schizonepeta tenuifolia essential oil",10.1002/bmc.5106,7,7
"Fermented Chinese Herbal Medicine Promoted Growth Performance, Intestinal Health, and Regulated Bacterial Microbiota of Weaned Piglets",10.3390/ani13030476,7,8
"Effects of Traditional Chinese Herbal Feed Additive on Production Performance, Egg Quality, Antioxidant Capacity, Immunity and Intestinal Health of Laying Hens",10.3390/ani13152510,7,7
A Phase II Clinical Trial on the Combination Therapy of PHY906 Plus Capecitabine in Hepatocellular Carcinoma,10.1002/onco.13582,7,8
Network pharmacology based research into the effect and mechanism of Yinchenhao Decoction against Cholangiocarcinoma,10.1186/s13020-021-00423-4,7,8
"The current evidence for the treatment of sepsis with Xuebijing injection: Bioactive constituents, findings of clinical studies and potential mechanisms",10.1016/j.jep.2020.113301,7,10
Flavonoids regulate tumor-associated macrophages - From structure-activity relationship to clinical potential (Review),10.1016/j.phrs.2022.106419,7,8
Spectrum-effect relationship combined with bioactivity evaluation to discover the main anxiolytic active components of Baihe Dihuang decoction,10.1016/j.jep.2023.117090,7,7
Diagnosis and Treatment of Hip and Knee Osteoarthritis A Review,10.1001/jama.2020.22171,7,7
The Flavonoid Biosynthesis Network in Plants,10.3390/ijms222312824,6,6
Identifying quality markers of Mailuoshutong pill against thromboangiitis obliterans based on chinmedomics strategy,10.1016/j.phymed.2022.154313,6,6
Effects of Traditional Chinese Medicine and its Active Ingredients on Drug-Resistant Bacteria,10.3389/fphar.2022.837907,6,6
Si-Miao-Yong-An Decoction for Diabetic Retinopathy: A Combined Network Pharmacological and In Vivo Approach,10.3389/fphar.2021.763163,6,7
Spectrum-effect relationship study to reveal the pharmacodynamic substances in Flos Puerariae-Semen Hoveniae medicine pair for the treatment of alcohol-induced liver damage,10.1016/j.jep.2023.116628,6,6
Natural products targeting the PI3K-Akt-mTOR signaling pathway in cancer: A novel therapeutic strategy,10.1016/j.semcancer.2019.12.008,6,7
Xiaoyaosan decoction alleviated rat liver fibrosis via the TGFβ/Smad and Akt/FoxO3 signaling pathways based on network pharmacology analysis,10.1016/j.jep.2020.113021,6,6
Melatonin mitigates aflatoxin B1-induced liver injury via modulation of gut microbiota/intestinal FXR/liver TLR4 signaling axis in mice,10.1111/jpi.12812,6,6
Fuling-Zexie formula attenuates hyperuricemia-induced nephropathy and inhibits JAK2/STAT3 signaling and NLRP3 inflammasome activation in mice,10.1016/j.jep.2023.117262,6,6
"Cancer statistics, 2022",10.3322/caac.21708,6,9
Research progress on polysaccharide components of Cistanche deserticola as potential pharmaceutical agents,10.1016/j.ejmech.2022.114892,6,7
Developing long-term conservation priority planning for medicinal plants in China by combining conservation status with diversity hotspot analyses and climate change prediction,10.1186/s12915-022-01285-4,6,10
Topical Chinese herbal medicine in treating atopic dermatitis (eczema): A systematic review and meta-analysis with core herbs exploration,10.1016/j.jep.2023.116790,6,6
Theory of the exterior-interior relationship between the lungs and the large intestine to explore the mechanism of Eriobotrya japonica leaf water extract in the treatment of cough variant asthma,10.1016/j.jep.2021.114482,6,6
Dietary cholesterol drives fatty liver-associated liver cancer by modulating gut microbiota and metabolites,10.1136/gutjnl-2019-319664,6,7
Effects of novel microecologics combined with traditional Chinese medicine and probiotics on growth performance and health of broilers,10.1016/j.psj.2021.101412,6,6
Plantanone C attenuates LPS-stimulated inflammation by inhibiting NF-κB/iNOS/COX-2/MAPKs/Akt pathways in RAW 264.7 macrophages,10.1016/j.biopha.2021.112104,6,6
Prediction of potentially suitable areas for the introduction of Magnolia wufengensis under climate change,10.1016/j.ecolind.2021.107762,6,10
"Classification-based strategies to simplify complex traditional Chinese medicine (TCM) researches through liquid chromatography-mass spectrometry in the last decade (2011-2020): Theory, technical route and difficulty",10.1016/j.chroma.2021.462307,6,6
Dandelion (Taraxacum Genus): A Review of Chemical Constituents and Pharmacological Effects,10.3390/molecules28135022,6,6
Expansion within the CYP71D subfamily drives the heterocyclization of tanshinones synthesis in Salvia miltiorrhiza,10.1038/s41467-021-20959-1,6,6
Screening the effective components of Suanzaoren decoction on the treatment of chronic restraint stress induced anxiety-like mice by integrated chinmedomics and network pharmacology,10.1016/j.phymed.2023.154853,6,6
The role and mechanism of flavonoid herbal natural products in ulcerative colitis,10.1016/j.biopha.2022.114086,6,7
"Inflammation in obesity, diabetes, and related disorders",10.1016/j.immuni.2021.12.013,6,6
Effect of steaming process on the structural characteristics and antioxidant activities of polysaccharides from Polygonatum sibiricum rhizomes,10.1007/s10719-021-10013-z,5,6
"Chemical constituents, clinical efficacy and molecular mechanisms of the ethanol extract ofAbelmoschus manihotflowers in treatment of kidney diseases",10.1002/ptr.6818,5,6
Transcriptional regulatory network of high-value active ingredients in medicinal plants,10.1016/j.tplants.2022.12.007,5,5
Comprehensive utilization of Chinese medicine residues for industry and environment protection: Turning waste into treasure,10.1016/j.jclepro.2020.123856,5,5
Assessing the impact of climate change on the distribution of Osmanthus fragrans using Maxent,10.1007/s11356-021-13121-3,5,8
Research progress on multiple cell death pathways of podocytes in diabetic kidney disease,10.1186/s10020-023-00732-4,5,5
A review on the structure and pharmacological activity of phenylethanoid glycosides,10.1016/j.ejmech.2020.112563,5,7
Diversity and traditional knowledge of medicinal plants used by Shui people in Southwest China,10.1186/s13002-023-00594-4,5,6
Network and experimental pharmacology on mechanism of Si-Wu-tang improving ovarian function in a mouse model of premature ovarian failure induced by cyclophosphamide,10.1016/j.jep.2022.115842,5,8
Dachaihu decoction ameliorates septic intestinal injury via modulating the gut microbiota and glutathione metabolism as revealed by multi-omics,10.1016/j.jep.2023.116505,5,5
Advances in cell membrane chromatography,10.1016/j.chroma.2021.461916,5,5
Interplay between inflammation and thrombosis in cardiovascular pathology,10.1038/s41569-021-00552-1,5,5
Deficiency of gluconeogenic enzyme PCK1 promotes metabolic-associated fatty liver disease through PI3K/AKT/PDGF axis activation in male mice,10.1038/s41467-023-37142-3,5,5
An evidence-based evaluation of Buyang Huanwu decoction for the treatment of the sequelae of stroke: A PRISMA-compliant systematic review and meta-analysis of randomized controlled trials,10.1016/j.phymed.2022.154312,5,8
Effects of TCM on polycystic ovary syndrome and its cellular endocrine mechanism,10.3389/fendo.2023.956772,5,6
Active Components and Pharmacological Effects of Cornus officinalis: Literature Review,10.3389/fphar.2021.633447,5,5
MEGA11 Molecular Evolutionary Genetics Analysis Version 11,10.1093/molbev/msab120,4,7
Bolting reduces ferulic acid and flavonoid biosynthesis and induces root lignification in Angelica sinensis,10.1016/j.plaphy.2021.12.005,4,4
Interactive Tree Of Life (iTOL) v5: an online tool for phylogenetic tree display and annotation,10.1093/nar/gkab301,4,7
"Atractylodis Rhizoma: A review of its traditional uses, phytochemistry, pharmacology, toxicology and quality control",10.1016/j.jep.2020.113415,4,4
Effects of Chinese herbal medicines on dementia risk in patients with sleep disorders in Taiwan,10.1016/j.jep.2020.113267,4,4
"Impacts of Aegle marmelos fruit extract as a medicinal herb on growth performance, antioxidant and immune responses, digestive enzymes, and disease resistance against Streptococcus agalactiae in Nile tilapia (Oreochromis niloticus)",10.1016/j.fsi.2021.11.015,4,5
"Ethnobotany of medicinal plants used by the Yao people in Gongcheng County, Guangxi, China",10.1186/s13002-022-00544-6,4,5
"A review of Chinese medicine for the treatment of psoriasis: principles, methods and analysis",10.1186/s13020-021-00550-y,4,4
"Effects of herbal extracts (Foeniculum vulgare and Artemisia annua) on growth, liver antioxidant capacity, intestinal morphology and microorganism of juvenile largemouth bass, Micropterus salmoides",10.1016/j.aqrep.2022.101081,4,4
Ferulic Acid Ameliorates Atherosclerotic Injury by Modulating Gut Microbiota and Lipid Metabolism,10.3389/fphar.2021.621339,4,4
Chinese herbal medicine (Bu-Shen-Tian-Jing Formula) for outcomes of IVF in Chinese patients with polycystic ovary syndrome: a retrospective cohort study,10.1016/j.imr.2021.100775,3,4
Morris water maze: a versatile and pertinent tool for assessing spatial learning and memory,10.1538/expanim.21-0120,3,3
Haplotype-resolved de novo assembly using phased assembly graphs with hifiasm,10.1038/s41592-020-01056-5,3,3
Immunoregulation in Diabetic Wound Repair with a Photoenhanced Glycyrrhizic Acid Hydrogel Scaffold,10.1002/adma.202200521,3,3
Effects and Mechanisms of Taohong Siwu Decoction on the Prevention and Treatment of Myocardial Injury,10.3389/fphar.2022.816347,3,5
Investigation of toxic heavy metals content and estimation of potential health risks in Chinese herbal medicine,10.1016/j.jhazmat.2021.125142,2,2
"TBtools-II: A ""one for all, all for one""bioinformatics platform for biological big-data mining",10.1016/j.molp.2023.09.010,2,4
Oxidative stress: The core pathogenesis and mechanism of Alzheimer's disease,10.1016/j.arr.2022.101619,2,2
DNA barcoding in herbal medicine: Retrospective and prospective,10.1016/j.jpha.2023.03.008,1,1
Potential aquatic environmental risks of trifloxystrobin: Enhancement of virus susceptibility in zebrafish through initiation of autophagy,10.24272/j.issn.2095-8137.2021.056,1,1
Idiopathic mesenteric phlebosclerosis associated with long-term oral intake of geniposide,10.3748/wjg.v27.i22.3097,0,0
